Rider ID,Active Rider Age,Average Partner Rating,Number of Ratings
16261,308,21.05,321
8832,224,10,27
53866,238,17.76,25
46368,343,24.56,320
45609,399,14.97,214
50485,336,24.83,60
53521,371,19.84,119
68080,259,24.66,59
48070,322,10,10
49335,168,21.27,125
16859,357,24.29,56
24794,217,20.52,100
46874,322,10,35
41377,245,11.59,268
28037,336,10,1
99935,183,19.68,107
65573,280,20.88,144
61088,315,6.14,14
61157,336,15.33,59
1817,357,17.23,86
33971,259,16.89,173
93311,149,20.64,120
17227,336,24.54,129
37467,371,10,7
32660,315,19.64,51
76038,224,19.36,50
68057,119,7.25,118
34247,329,20.54,79
25254,329,11.56,10
7567,322,14.06,12
58857,287,19.02,130
61134,210,19.98,478
71093,231,23.49,13
52716,238,10,3
29118,266,13.12,98
25553,252,22.62,210
73922,238,21.57,45
50025,273,22.13,247
100050,178,23.06,203
56787,150,7.69,13
85606,189,21.78,3
44643,238,10,1
5980,287,18.78,308
33649,273,24.6,50
55844,217,10,32
85721,196,20.9,7
43125,329,20.69,21
34684,329,10,50
76153,154,23.35,137
49473,146,24,39
86250,210,23.49,13
20769,154,23.57,88
33143,273,24.92,123
101131,137,18.66,150
40756,210,10,1
61801,238,11.56,40
96531,168,23.76,175
34339,224,19.66,244
5290,252,10,1
93817,154,24.46,79
36225,245,22.03,61
86020,154,21.54,39
79925,210,4,4
75532,196,24.43,35
54234,252,23.84,34
26036,322,17.03,140
65803,210,24.68,63
25944,147,9,26
80132,161,16.63,23
70196,224,10,1
99268,197,12.34,41
98325,168,24.85,268
56764,189,17.68,3
26910,203,16.35,7
79948,224,24.51,61
10120,294,10,1
46989,231,24.4,33
32775,252,24.38,48
48553,224,10,3
56442,217,7.67,39
70150,231,23.92,55
40158,161,17.26,244
36363,196,20.54,274
73554,168,7.64,394
21827,273,23.06,97
61916,152,18.19,248
7383,231,10,16
85675,147,22.22,267
101108,102,19.37,62
39008,196,13.44,3
36271,168,24.77,88
80385,168,20.68,73
8441,151,24.08,7
73830,154,10,22
59961,159,20.49,94
10925,175,20.51,54
57454,189,19.3,36
5428,175,22.88,348
21735,294,10,53
26243,182,14.9,151
76406,189,21.16,45
60237,196,3.43,61
37858,203,19.84,270
37145,198,18.96,58
100648,167,18.51,47
58926,147,19.81,107
87492,182,22.4,142
98624,150,21.78,6
59018,182,17.79,23
13478,175,16,13
54763,158,18.29,67
91241,154,9.4,207
76774,188,20.15,47
24035,140,23.37,121
46184,231,15.05,332
57500,210,10,28
101959,167,9.15,16
58006,146,18.68,194
51474,140,8.94,102
66125,182,23.96,57
23506,231,19.65,60
11569,196,15.65,115
96324,147,23.54,27
21022,198,24.85,68
12029,210,23.42,30
62468,176,24.94,157
71208,196,19.54,52
53015,155,17.87,84
96876,197,11.08,64
72772,203,21.44,65
98992,185,24.82,144
71116,170,19.48,90
52233,224,22.75,13
94668,161,10,7
36432,301,19.36,5
100441,177,4.28,530
24679,217,10,16
59409,210,19.36,5
41883,161,10.67,15
68609,159,24.88,144
56396,196,10,1
44114,294,11.16,44
38203,273,24.65,162
61571,130,23.86,76
54855,172,22.39,3
23736,167,15.32,3
92529,130,24.79,516
72565,179,14.03,170
16123,186,4,1
93426,180,15.64,22
74888,164,13.32,20
64929,147,20.66,270
66447,140,20.25,4
46138,378,10,1
69943,157,17.03,283
52992,141,9.1,184
72703,140,18.9,209
65090,147,17.64,5
105915,122,10,32
72427,154,11.89,429
64009,224,22.77,35
98486,144,11.11,3
68678,154,16,4
100510,152,19.12,160
40181,165,22.68,21
45724,176,10,2
25668,189,10,6
20838,161,21.96,94
24058,161,24.06,21
103132,159,23.94,93
34914,138,18,330
60766,122,23.96,19
6532,195,20.75,63
84180,168,22.83,18
14283,120,17.75,420
63365,164,22.96,24
54648,105,20.04,195
28336,175,10,11
82248,134,23.04,5
52164,118,18.11,107
37996,158,14.06,8
60076,210,20.64,161
61433,161,22.95,125
20401,168,10,9
59800,129,20.88,195
7958,154,1,1
41561,294,16,1
102212,162,16.28,189
93633,167,10,2
36915,147,23.46,342
85652,159,13.14,8
58673,86,23.68,178
36616,151,20.4,251
66378,187,9,4
34661,154,10,3
73094,180,17.45,234
82294,175,22.89,190
92322,171,24.42,120
26726,196,19.84,33
51888,152,15.72,485
68862,173,21.56,182
85951,168,22.87,78
15939,161,8.59,58
77855,182,18.46,47
56511,96,16.46,178
7061,150,10,2
74635,147,4.3,47
63572,120,9.32,227
64676,123,12.36,65
87377,129,10,1
10281,153,24.26,127
93909,157,24.91,116
20079,183,6.34,402
71346,79,24.43,169
105823,91,19.56,26
75854,134,16.32,190
86066,131,10,3
47035,161,20.38,195
67160,147,10,20
106030,139,17.19,217
11799,154,9,1
111343,89,22.66,167
91287,136,16.87,121
74037,135,16.22,59
93610,189,24.43,70
26358,168,17.44,327
93955,104,21.28,1
80707,109,13.44,3
100855,138,21.41,150
52670,168,16.3,27
48691,86,17.37,21
105133,125,10,15
80776,108,6.99,263
106352,104,13.04,251
93587,176,24.31,43
105685,124,17.32,45
52923,67,22.24,262
100372,121,17.41,59
63342,172,23.77,72
24081,160,17.85,44
68770,162,24.99,22
90689,182,18.79,131
86158,113,24.03,287
102051,152,10,1
93932,194,17.58,493
80822,110,16.9,12
65757,93,23.3,40
86135,94,16.97,26
56672,161,10,1
4324,162,22.34,21
70495,154,22.22,42
78453,136,10,1
85031,92,24.89,253
66401,160,24.51,82
59501,185,8.35,18
58972,163,8.03,6
104144,129,16.79,51
19987,93,12.13,269
86181,167,16,1
100349,135,21.63,44
21666,168,23.88,44
85629,112,19.51,45
70104,95,24.21,101
95381,114,20.03,93
36386,107,23.65,22
78637,168,10,2
85767,150,24.85,80
75440,189,13.49,64
12259,160,19.6,63
48484,66,13.56,13
71231,114,18.63,32
99958,122,24.03,51
52141,136,17.64,230
98532,166,23.27,17
67505,89,17.96,61
36593,119,21.16,5
97313,158,10,1
16606,111,16.28,528
84088,171,22.83,9
57845,183,18.78,3
80615,164,10,15
101407,112,1,1
97681,120,14.06,12
56488,102,17.96,478
13616,140,10,1
72450,162,23.2,49
45241,142,21.03,151
60743,94,15.85,21
95795,77,24.9,181
55131,108,13.03,440
36317,106,11.11,3
66240,119,19.41,130
59432,70,20.41,273
37260,145,16.45,152
95703,168,4.52,8
107111,104,10,39
62376,155,16.04,48
87124,166,16.23,35
57615,172,9,2
97980,155,10,20
28175,177,10,1
40894,125,16.63,88
70127,142,10,2
64653,55,15.36,291
105892,102,22.53,83
42895,88,21.97,53
99130,108,20.35,6
85997,81,17.92,142
70242,143,19.61,63
98164,119,23.73,93
51060,57,23.74,315
90597,65,15.52,172
61019,104,23.96,19
100142,131,17.26,72
29739,96,21.72,52
21597,158,23.68,15
69092,147,19.79,147
70035,142,21.42,76
103569,81,7.56,199
38433,105,23.16,173
30222,92,17.51,246
62330,88,10,1
73278,147,14.45,145
34362,125,9.34,69
32407,70,9.33,439
56120,105,22.88,57
25576,140,16.62,10
102166,126,19.78,105
95312,107,23.48,55
59708,142,16.08,127
93840,143,22.56,32
41331,136,9.83,259
106191,120,16.5,147
57224,175,23.04,15
102580,116,10,42
104604,107,22.66,103
52831,133,22.85,196
63917,195,10,1
46736,130,10,12
75831,190,23.43,25
34569,126,21.39,275
40250,121,13.92,149
42780,114,22.77,342
48139,175,9.54,30
76130,105,20.38,279
77809,102,18.43,54
61594,114,17.13,50
37559,128,12.75,7
51083,117,11.98,13
73577,62,20.44,97
22448,75,17.57,78
40365,120,19.87,268
69483,154,6.25,2
74750,160,23.36,12
60559,147,10,2
5865,118,21.78,12
15617,144,10,2
91931,157,15.2,61
90528,119,17.93,93
67988,48,21.93,222
108169,107,10,58
77464,80,7.14,87
109595,99,19.91,610
74842,117,18.78,6
9729,106,20.42,106
19136,99,13.8,14
73485,146,10,37
66194,107,10,8
111274,61,16,1
53636,52,24.12,111
56350,160,12.25,20
52785,104,10,79
27163,186,19.14,8
58098,134,16,2
98095,129,10,1
66332,95,22.02,78
85928,98,23.29,237
65780,101,23.64,115
43033,58,12.4,16
98808,128,10,11
112562,64,19.55,152
93771,117,21.76,96
95243,133,22.56,16
75785,103,9.63,419
87400,85,21.96,282
25714,112,10,4
44597,168,20.88,21
87354,51,17.61,40
58811,147,6.25,4
73807,101,16,1
78913,165,1,1
25461,101,21.89,284
74681,134,23.63,36
66033,124,10,4
89815,136,24.84,63
62836,151,19.24,44
51198,65,20.81,297
73163,169,5.8,27
50324,108,19.8,99
101913,105,22.11,35
111918,70,24.12,101
80040,64,16.04,76
92506,58,16.19,53
98394,119,19.55,19
63503,113,15.6,60
61341,59,18.67,130
63526,62,21.48,143
15180,115,17.4,173
27347,172,23.33,179
85054,29,13.91,44
12742,103,15,324
62514,125,10.8,7
86503,155,20.97,19
12328,102,12.61,285
80546,65,21.8,86
104420,95,22.49,31
80017,75,10,3
77947,103,20.67,61
92713,57,21.6,214
91011,139,19.99,17
5957,50,23.08,90
63480,91,17.88,168
62813,51,22.03,397
100165,118,10,2
60674,59,16.38,301
51911,48,21.59,47
77579,66,22.02,151
95565,90,13.6,32
90505,130,15.33,59
105616,82,6.83,44
103707,90,17.47,50
84295,105,24.77,88
57063,54,20.91,51
16445,70,19.84,21
104029,104,24.53,63
7521,109,14.88,7
52877,107,24.07,72
93725,85,23.33,144
68494,63,9.25,133
47242,122,20.66,11
80730,106,22.56,12
52417,110,23.7,38
71277,62,15.03,110
65895,94,19.62,188
55614,91,21.38,96
94576,114,17.36,6
46598,110,20.25,6
74198,106,16.42,9
80845,103,24.26,67
104512,84,21.45,272
74796,89,13.18,111
58213,86,9.33,62
55246,81,24.26,223
103615,94,22.49,66
22908,148,18.09,123
37237,62,14.18,101
72795,92,22.78,244
89700,136,24.85,113
101453,106,18.05,75
46414,52,16.31,87
76176,94,17.88,35
82271,47,17.37,550
63756,34,24.41,140
23644,100,24.33,137
53130,181,20.49,46
89585,136,10,12
95427,102,13.65,36
94530,147,17.98,46
106375,99,24.06,21
98187,124,10,46
45172,53,22.34,110
87009,114,10,1
98049,89,20.61,185
74221,68,18.25,188
103017,86,14.5,278
100280,75,22.33,121
98693,96,10,2
42527,36,21.67,70
68747,37,17.61,15
60835,88,10,1
80155,96,10,1
55867,90,15.66,215
84249,136,16,1
43470,166,22.57,177
32453,110,12.96,5
108146,96,23.53,244
75095,134,24.64,28
57707,32,15.01,34
77648,61,23.26,387
34500,118,23.43,25
64331,123,10,2
55384,45,23.64,197
68103,95,17.59,36
90091,116,13.14,8
59478,63,20.14,317
106099,89,10,33
107985,80,10,16
38525,125,8.49,295
3864,91,24.38,32
90551,105,10,3
82685,68,19.84,33
16054,59,21.7,145
33166,53,9.72,194
57040,155,9.79,86
103546,95,24.53,42
37191,97,16,6
28060,61,24.65,17
57201,85,10,1
64561,85,14.92,110
50186,160,23.3,238
98578,96,16.78,31
20424,97,10,4
33258,77,17.27,124
103960,62,13.55,470
95358,92,10,14
96301,113,18.37,14
59570,51,23.79,103
75578,59,23.03,124
62491,57,10.71,121
91885,104,19.17,41
57017,89,6.61,7
47978,52,20.87,20
106490,73,24.32,256
99659,58,22.08,193
65320,117,23.04,5
87170,54,6.58,208
69966,76,20.55,15
98371,88,19.36,5
96209,47,22.97,111
73945,42,15.13,36
76981,145,15.16,27
85790,86,22.92,33
61295,51,18.82,36
96370,96,10,9
58282,107,10,2
95174,89,10,2
59915,147,19.63,147
91057,59,7.12,192
93863,42,19.43,65
91103,89,20.25,2
105524,85,10,1
101821,95,22.7,17
92391,74,22.28,25
72542,43,13.72,110
90482,38,24.76,83
43378,145,23.57,192
52946,141,21.05,121
77717,25,18.1,115
90873,56,21.48,29
27232,150,21.97,255
93380,62,9.9,412
37030,65,3.24,5
61893,119,20.14,128
100464,89,17.8,125
58075,81,20.12,35
101982,101,24.69,32
103339,69,23.04,15
85813,68,21.25,206
92345,97,7.84,5
42320,57,18.3,41
8786,90,10,1
53544,58,20.7,151
98440,78,22.29,43
56741,105,17.5,314
93495,61,11.5,97
42734,72,10,2
48507,41,19.58,179
80086,111,21.16,5
36961,73,20,53
111941,67,10,5
67183,131,15.14,457
54533,83,24.1,342
62629,82,22.81,137
54809,71,16,6
21781,74,20.75,9
104765,81,10,66
85560,61,21.63,298
93679,61,23.46,32
105731,76,10,46
61387,38,17.98,324
84318,93,10,1
93219,96,10,6
100487,73,10,5
12535,67,22.92,33
101637,64,20.75,18
106398,87,10,1
42343,71,20.67,203
55545,48,8.82,237
91471,81,24.66,29
90022,97,23.26,9
45379,81,22.23,458
33028,30,21.68,251
62077,74,24.39,86
47702,70,22.63,72
96991,53,9.52,102
43148,90,19.21,51
87308,64,13.8,7
52118,97,18.19,4
63388,82,24.29,14
48875,79,5.01,203
46322,125,20.19,132
92414,60,15.86,80
91218,76,17.16,21
44091,92,16.41,333
103362,67,10,33
40342,65,21.81,394
51497,122,20.05,49
61479,97,16.17,13
82432,42,22.25,27
58144,57,10,15
66286,59,22.54,144
51175,114,16,1
82363,60,18.78,6
9384,69,23.1,127
60881,72,16,7
68954,116,8.42,261
12650,120,6.05,190
63204,28,16.31,206
105777,38,24.9,95
38916,106,24.42,17
109020,44,19.92,41
14237,47,20.51,249
57293,37,22.39,257
95726,43,20.94,218
52440,92,20.32,109
45563,75,10,7
36294,68,10,7
50761,87,20.16,304
54395,60,9.77,201
34224,69,17.08,238
48530,42,9.43,457
20240,64,17.4,222
39031,88,22.1,264
57477,31,13.65,38
92759,15,23.65,314
105869,64,24.24,52
101729,79,23.18,27
15042,43,22.19,125
47932,42,21.54,351
73416,83,20.93,233
61755,77,22.27,86
103523,70,16.9,9
85974,35,16.07,371
40319,66,20.25,2
64078,94,16,8
86871,54,10,1
47886,63,24.18,183
103431,76,15.39,26
102074,80,23.9,27
80799,79,16.1,7
61180,30,19,153
100027,68,20.75,9
76360,24,23.46,90
52532,103,14.8,43
91034,61,22.56,8
7820,66,16.39,135
62537,69,12.15,297
91701,31,24.57,108
85882,40,23.4,26
53406,105,14.92,462
11638,50,19.45,109
59846,73,14.38,24
72496,38,23.82,102
58650,99,22.87,121
16951,55,10,1
100786,37,18.97,65
63411,35,10,1
64998,24,18.16,61
106237,62,14.57,308
60697,93,23.96,19
11707,54,21.74,261
90804,64,22.22,14
68540,57,10,8
27692,76,23.94,126
72473,63,23.06,238
59547,44,23.93,306
49956,94,18.97,71
80684,63,18.9,49
105961,73,22.02,13
76429,98,7.72,83
112217,58,10.38,9
55154,26,6.65,100
55016,67,24.12,125
22862,80,9,2
105248,56,21.89,279
96048,37,22.85,184
76314,35,19.57,210
58558,28,23.58,104
112723,45,16.88,214
51635,98,13.77,4
77671,38,16.62,99
61870,69,18.96,97
50071,47,20.86,195
50922,18,24.27,94
90643,44,10,1
62307,37,9.28,379
75946,33,24.38,33
86848,67,22.44,398
97037,32,24.47,163
106168,23,24.1,497
20792,48,10,22
96347,32,19.72,172
63641,47,18.21,389
94829,62,16.19,131
114034,18,16.48,380
7912,72,21.9,25
24564,49,12.76,268
54740,27,24.66,447
6969,39,14.72,180
59524,66,16.87,140
78384,28,22.23,67
64837,17,16.97,88
24311,47,9.75,146
95496,42,12.54,222
93150,76,15.88,102
30015,69,20.64,275
113735,22,9.8,39
23414,31,21.11,202
74727,31,20.23,246
74589,47,13.39,157
30498,36,11.05,422
61410,74,21.78,24
74934,61,16.1,109
31418,80,10,2
100418,52,10,1
54993,31,22.48,79
42504,73,22.17,9
69207,85,18.22,78
52210,52,21.22,470
42389,28,21.6,143
106651,66,6.17,292
64975,19,19.41,434
48231,56,17.13,18
64216,58,16.2,308
110745,52,10,38
92483,23,20.3,10
32430,19,17.41,171
17549,72,18.07,149
85698,55,10,8
108100,59,17.11,405
81627,22,8.88,79
107502,54,5.06,4
101844,45,12.45,152
53981,80,24.23,208
55062,82,14.25,176
76659,51,17.6,131
48300,55,12.07,413
63319,52,21.7,207
38502,64,24.33,199
67091,69,19.45,55
75923,65,20.06,23
65918,33,12.3,61
86204,20,24.46,91
99245,24,18.52,112
77027,73,20.27,19
54786,38,7.41,250
47380,40,23.67,379
71369,47,21.78,3
113390,34,24.14,69
63733,50,10,14
92690,33,17.1,2
51658,36,22.32,349
102879,68,22.56,4
112746,35,10,10
102028,50,18.78,6
107755,70,24.38,16
53751,50,18.5,265
50853,35,18.22,241
103247,41,16.82,283
80960,38,8.1,152
36340,40,9.45,177
68149,52,10,1
91655,36,18.73,312
11891,20,15.15,265
60927,24,22.29,85
18745,31,13.9,156
105340,55,10,43
70702,51,20.36,18
76935,76,20.05,406
59662,43,11.11,9
93518,26,17.92,264
80937,45,8.96,331
75509,44,17.44,83
95634,38,9.37,144
16399,40,21.37,138
8602,60,21.72,73
86457,63,18.03,4
65389,58,20.51,148
97635,46,19.59,150
106444,57,10,21
84824,50,21.56,14
60053,42,20.51,238
57914,77,18.09,215
57385,40,10,9
52693,58,13.44,15
101614,17,15.03,12
98302,42,18.89,26
95036,24,22.59,282
76199,42,20.76,260
47863,35,15.85,130
90574,34,16.83,85
94875,50,22.83,6
78775,66,10,4
62606,52,18.81,26
76866,44,10,10
84433,21,18.73,53
107249,43,16,8
73508,61,22.67,142
110768,37,18.53,11
111159,66,10,1
68218,57,14.93,158
94392,16,18.59,321
74014,24,20.11,200
45701,56,10,12
51773,25,22.34,331
105800,39,24.14,23
113988,24,17.29,132
58351,53,21.91,64
95841,46,21.39,145
70679,67,21.31,394
91172,22,8.24,325
40733,44,13.62,97
109388,54,15.96,90
57316,25,20.83,129
55430,59,14.62,17
87239,32,12.04,210
98233,37,10,3
17457,41,15.8,136
8004,37,22.56,94
5543,41,19.64,103
58121,17,16.55,225
41216,68,20.25,4
99360,51,18.06,8
58604,71,5.17,369
50209,50,22.8,205
56051,46,23.46,72
97497,31,18.33,87
96163,19,20.81,111
99521,48,21.62,40
70012,28,21.14,323
78982,48,21.22,557
88136,24,22.06,249
68655,27,16.42,29
94438,22,15.79,76
30383,53,24.1,391
58903,28,21.57,330
46966,61,7.74,209
19734,34,16.46,405
102971,54,10,12
86572,66,16.16,105
64607,46,23.92,12
37628,30,9.62,125
90758,19,16.14,340
37306,45,6.72,125
55292,69,20,38
51681,56,22.96,19
47840,67,24.35,51
101568,40,21.78,6
56465,61,23.57,300
94737,31,16.35,181
94461,40,18.63,51
67965,64,8.55,59
37927,37,18.76,152
63457,37,10,4
56948,53,20.71,82
51106,52,15.09,123
33212,30,10,1
45540,32,10.47,128
97865,59,10,1
26887,12,15.15,177
51957,30,8.04,23
87561,26,18.47,69
66010,38,10,13
20493,44,10,2
9614,39,10,1
60605,61,21.21,251
98279,30,19.7,162
76797,62,10,1
35213,43,8.2,119
80661,28,20.9,268
53337,14,20.62,125
54878,61,10,2
101499,15,23.75,206
56557,23,14.66,159
59041,63,17.08,285
90850,16,20.4,108
51313,62,18.44,1
13593,39,17.51,142
77970,16,22.22,384
56028,59,19.54,107
33948,35,15.29,387
107203,40,20.71,301
61962,60,18.72,139
62721,19,22.78,86
64262,62,18.37,251
70334,42,17.6,13
102557,27,17.88,238
68563,43,23.94,130
37605,42,22.51,18
69552,18,21.48,112
96232,40,10,1
87193,44,14.06,369
90827,36,1,1
68333,50,22.96,348
68172,58,17.8,216
48737,47,21.55,61
51543,44,9.36,17
4416,46,21.22,280
53314,25,17.54,98
22264,38,23.29,186
95335,24,23.96,171
114080,19,15.17,57
52601,34,16,1
56856,31,21.08,82
91149,18,7.2,140
99636,41,10,12
10373,38,21.9,105
62261,38,15.24,146
48622,24,16.61,26
58880,43,18.1,142
110906,35,16,13
77257,19,15.65,119
97888,23,18.49,211
53935,54,23.31,45
44505,46,14.99,340
59294,52,23.16,84
91816,36,22.2,547
76245,20,23.17,415
54924,48,20.46,64
75118,53,19.91,278
53958,41,23.54,140
40480,36,13.44,3
15594,20,15.39,70
42596,29,14.04,198
103730,31,17.26,63
56649,46,23.31,163
47794,13,22.75,353
24265,18,16.49,294
81006,35,23.3,186
87216,19,19.73,245
57891,23,24.25,75
77487,47,15.03,73
54418,31,15.26,209
97934,28,17.3,279
103477,30,21.39,8
48806,52,22.16,44
100809,20,20.03,200
29762,19,18.11,64
52578,41,21.88,55
81328,32,15.45,174
77878,34,1.56,4
30199,39,10,1
65136,28,20.31,34
86043,27,9,6
80592,33,20.24,135
105754,39,16,4
96853,19,8.35,446
95082,14,6.67,194
4094,11,18.44,126
48783,46,16.41,464
103776,33,14.79,13
53797,30,20.97,198
76590,33,22.56,254
64699,25,13.48,38
101522,34,9.33,249
64768,16,18.83,229
100533,22,10,1
42711,34,16,1
107295,23,8.9,142
64147,37,16.57,161
30314,25,15.43,14
87860,36,9.9,88
106007,32,17.64,10
38272,46,17.59,442
106605,41,9.99,110
64722,35,23.49,13
56074,46,24.87,235
102511,39,21.5,149
98670,37,12.25,2
69322,47,20.73,350
56626,40,22.63,137
65987,14,19.81,196
78729,38,20.43,105
68793,9,19.07,250
54602,45,21.92,196
52302,25,22.43,385
71461,37,22.22,7
32384,42,14.65,213
91080,32,15.84,62
99544,39,19.66,84
53705,27,22.03,78
54901,13,8.64,41
71576,38,16.31,132
77924,14,19.28,209
42021,43,19.46,27
59386,42,16.24,104
73991,19,21.6,139
50140,21,13.53,361
92000,15,24.47,18
76222,14,17.21,30
63710,33,16.94,125
50669,41,16,2
90896,15,18.24,39
42090,12,21.71,210
52624,17,6.94,87
69437,43,22.61,125
60122,39,19.93,253
41124,40,22.03,34
105593,35,21.78,3
55108,16,6.7,65
35811,18,12.38,141
76268,31,21.78,3
59133,27,20.15,518
113620,24,16.38,21
35834,41,13.19,127
97819,39,13.23,106
86526,31,11.75,118
65872,20,4.57,14
65251,35,21.05,102
68908,30,20.9,68
42458,23,10,26
93403,18,14.64,134
111412,27,24.55,22
6831,22,7.26,314
108261,27,12.25,4
107318,24,15.13,416
65228,39,21.56,29
26381,29,10,1
13731,13,21.65,235
77510,14,20.54,114
20125,28,20.57,28
25622,29,19.8,115
67298,37,22.64,252
69759,35,17.91,328
66608,38,19.79,198
87584,12,16.25,6
51267,29,8.76,129
85146,26,19.96,191
57799,34,20.08,318
65964,22,19.87,310
91517,27,19.4,135
94208,36,21.23,56
81673,11,24.57,164
68425,26,10,12
91425,34,17.9,131
98210,23,9,6
61065,29,18.85,238
58029,20,12.95,19
58190,23,17.65,139
90068,32,14.18,13
72197,21,10,3
97244,35,19.35,73
97773,36,17.6,386
100947,13,18.81,123
51819,8,21.28,10
61249,29,7.09,17
91563,10,20.27,103
98348,10,14.65,252
76636,22,20.58,51
82041,23,20.33,37
101867,28,9,2
54027,34,24.46,211
25530,27,10,4
26611,35,15.97,80
59639,17,17.74,306
98256,23,21.26,18
18676,25,10,1
52256,35,20.51,148
101936,22,5.49,172
101154,26,23.45,19
36869,21,24.73,46
87929,23,7.51,288
96830,22,13.45,14
62008,25,17.57,130
62790,29,10,1
77694,26,10,9
53498,23,22.6,24
96002,16,20.43,120
100579,15,18.05,139
67459,30,20.05,110
106513,16,18.07,196
93886,18,22.67,79
106996,16,21.77,60
90942,9,18.82,67
75900,22,17.51,149
66424,22,9.41,34
84272,28,10,1
58259,32,17.36,4
65481,14,4.14,273
13087,15,17.69,214
78936,32,5.46,181
61364,31,14.92,206
52394,25,18.82,121
98601,11,23.29,477
76912,24,9.08,38
48829,22,16.5,107
105846,29,10,4
53452,27,15.39,417
97221,25,14.69,48
103592,24,17.76,14
77786,16,22.67,234
46161,32,22.67,53
60260,27,19.56,123
108997,17,10,1
56718,32,18.29,91
105064,27,23.86,178
67689,21,16.56,198
69529,31,19.04,184
94553,27,10,1
74428,31,9.15,397
87285,20,16.97,247
103270,24,4.41,30
34316,18,10,1
71070,26,21.38,103
56534,14,19.31,337
100993,26,7.86,134
91195,19,8.75,380
68517,13,16.44,204
79994,14,23.49,244
55361,17,20.46,51
104719,22,10,7
114264,12,10,28
104121,23,14.16,178
96922,28,23.75,83
84548,11,19.57,31
114310,8,10,25
50991,16,15.4,125
50830,18,16.4,191
59823,15,20.94,63
100901,22,16.57,179
75302,27,18.63,4
75072,13,21.7,110
74819,25,10,1
84410,18,19.69,195
60444,28,14.08,40
30774,19,22.88,225
54188,26,19.79,202
78614,29,16.57,338
31257,14,22.29,65
30429,18,19.73,35
106076,16,10,2
7866,21,20.79,25
64630,20,23.68,15
21643,18,16,2
79028,23,19.22,123
86963,14,23.93,0
50255,28,22.71,326
100326,23,7.27,170
108330,24,8.91,23
48668,23,9.69,207
38387,25,18.22,158
95979,27,10.62,101
88021,7,17.65,233
41952,26,15.87,61
55085,16,23.57,15
105639,13,24.33,250
29854,14,18.18,122
98946,17,20.78,70
99452,20,21.87,47
102258,18,10,10
70472,21,22.79,242
78292,10,21.21,174
76613,26,22.04,125
82386,11,19.62,171
5589,13,13.74,62
63434,20,19.75,24
64239,14,19.61,246
53153,19,24.61,292
58788,7,10,1
68356,24,24.08,8
28612,23,22.83,9
100119,17,24.42,17
89976,24,18.06,4
66148,19,21.49,171
70656,23,7.96,176
76567,25,18.87,447
100303,18,21.67,59
67551,16,10,7
99107,19,23.77,8
76751,24,19.22,373
95404,19,20.34,128
86825,9,22.7,57
98003,24,21.1,170
78476,14,23.57,18
49128,23,20.91,330
105455,12,19.98,132
49795,25,8.91,32
66562,8,10.02,361
72910,15,16.8,152
8901,7,17.86,254
70081,11,22.13,249
32016,22,18.03,175
56902,14,9.88,314
49979,25,19.85,361
79971,11,21.51,108
65734,18,17.07,471
66539,9,23.17,31
50876,24,17.98,110
102810,19,11.99,168
106697,15,17.2,239
101476,9,20.03,203
97842,22,12.94,102
92575,22,22.03,174
44528,24,12.55,326
78315,14,17.73,297
61318,17,10,1
58443,19,22.83,13
66470,10,16.69,386
104098,17,24.64,141
105478,19,21.78,3
60007,15,23.9,12
84778,8,15.22,238
104581,20,21.32,212
57339,11,17.85,193
64354,22,23.35,113
109457,8,18.5,165
63043,22,19.98,60
99682,20,21.67,44
52371,5,18.22,125
86411,20,21.02,234
90712,10,10,1
61042,14,5.68,266
69368,21,12.25,2
90367,19,8.36,31
67758,17,14.88,7
75647,15,22.65,83
40089,14,19.04,66
97589,18,5.9,351
75693,19,21.49,100
55269,18,20.67,361
57868,18,14.76,13
20746,18,17.43,500
30590,21,20.96,68
47104,18,20.31,231
23529,15,15.72,13
62445,9,18.07,26
102120,7,24.78,153
10051,17,10,1
59754,5,8.16,19
80109,17,17.2,49
25484,10,15.92,142
113712,13,24.01,20
63227,14,17.52,177
106766,14,22.13,172
103914,16,21.2,233
62031,6,23.1,228
53889,16,17.52,217
53199,6,12.12,403
99728,15,17.89,88
64814,8,12.12,192
40825,20,22.97,44
104926,15,16.59,129
60628,20,22.88,48
71415,16,15.27,89
22609,14,17.97,262
48392,12,13,141
104443,5,13.46,267
24610,11,13.76,28
75601,19,20.57,73
58581,16,21.34,64
70978,8,21.11,61
85836,5,19.33,255
56304,7,9.02,306
101890,19,9,1
69069,20,18.23,47
71944,20,14.53,64
109526,6,14.6,9
31671,20,24.08,68
105938,9,16.17,167
98118,11,13.19,45
98716,14,14.54,93
57132,11,18.43,140
95542,13,23.82,120
91126,9,18.24,128
98762,7,19.02,37
56695,7,18.53,390
107180,17,18.37,233
78430,13,13.9,51
58397,5,22.61,349
54487,19,23.55,128
32545,17,22.04,261
100073,13,22.54,210
105225,19,9.92,297
54510,15,16.39,37
66309,10,8.63,30
71185,8,23.49,98
97543,17,14.44,5
54096,17,21.73,159
90735,9,16.87,290
107456,12,19.34,405
58489,18,15.85,253
28106,6,19.22,173
52279,17,10,2
56373,17,18.15,107
73784,5,17.35,210
41653,19,15.32,322
55315,6,19.18,131
100234,15,20.74,444
52969,18,22.63,41
85169,12,9.68,12
17319,13,17.85,132
59110,16,8.72,119
113597,13,17.9,13
84525,6,9.45,122
92161,16,18.11,108
33695,17,7.9,130
39284,15,12.38,20
109618,13,18.94,372
65182,13,20.28,28
76291,4,19.85,42
106720,12,23.9,205
18124,10,19.75,103
102143,13,23.04,57
95657,6,19.21,218
10212,8,18.15,244
62353,8,13.56,133
80523,11,15.89,198
75233,17,20.69,207
34707,15,21.34,157
100257,8,16.37,146
75003,13,20.02,188
61525,9,18.38,32
92851,8,5.35,26
113781,14,18.78,9
64285,14,17.54,138
68379,15,21.42,31
38479,12,11.46,13
65527,3,14.44,98
93702,12,23.9,21
59869,12,24.1,440
73531,4,7.79,149
106674,12,22.68,105
54119,15,21.98,173
63158,17,18.55,284
47127,9,6.43,300
58535,4,24.13,253
113436,14,19.15,51
113965,12,17.29,432
47817,10,15.69,57
74152,17,14.93,127
59938,11,17.59,184
100211,15,23.2,40
103155,15,9.43,136
108353,14,18.9,123
114402,9,10,2
89907,8,17.3,310
39790,5,21.19,136
55936,16,13.44,249
70587,16,16.6,221
105087,10,10,1
94047,3,22.95,248
98923,14,18.15,0
107778,14,20.91,42
100004,11,18.61,76
29877,9,16.12,238
113413,11,10,1
86089,13,9.37,81
71645,15,20.18,17
56235,15,22.36,94
75739,14,9.35,234
40227,16,22.71,15
68310,14,21.02,46
54832,14,15.71,225
74497,16,11.29,185
86365,16,14.2,62
12834,11,21.32,146
102005,12,19.97,164
26450,14,24.96,195
51520,14,17.32,8
52348,16,16.49,165
114195,10,10,12
8579,10,24.36,20
55200,16,19.83,219
41929,13,21.9,67
4761,9,18.95,153
92115,13,14.76,218
80891,5,15.4,190
32752,8,16,83
44758,13,18.36,328
28658,13,16.8,159
72128,12,21.06,340
107801,13,16.7,92
103661,11,8.95,210
55660,15,19.87,83
32499,9,16.85,318
96485,14,20.41,137
80983,11,15.54,15
52026,7,12.89,187
69230,13,22.5,321
29486,13,16.05,114
66999,13,18.78,131
95956,12,21.1,208
99153,7,5.75,125
30153,11,10,1
62192,13,19.6,348
57776,13,22.03,216
69046,15,15.53,121
82409,7,6.9,543
92828,11,24.96,0
101062,13,22.66,48
78959,13,24.31,198
106329,8,19.34,332
74267,13,8.25,179
34845,12,24.1,11
98417,8,23.53,223
104742,7,20.64,40
99406,13,19.11,34
58995,10,21.58,306
90620,6,16.99,269
58052,12,18.47,382
60651,10,7.14,144
105202,11,10,4
112263,12,8.24,213
51865,14,19.74,74
52647,6,6.06,241
108192,12,6.34,70
69805,13,23.78,64
4462,11,21.32,116
52808,12,19.83,245
93288,10,19.14,89
70541,9,17.95,134
97704,13,10,1
90114,13,22.9,307
27071,7,10,9
102672,13,10,1
63687,9,10,1
93081,13,19.34,218
92299,13,22.52,363
76544,11,11.32,47
87469,12,17.29,198
12581,8,13.15,46
30268,13,21.77,197
50232,12,18.12,261
97796,12,20.02,43
6141,10,20.65,258
103638,10,19.33,358
80063,7,17.27,153
32476,10,16.76,309
37720,11,21.23,414
67114,4,23.5,156
64515,8,23.28,319
61939,4,20.84,88
70932,13,21.79,221
40457,8,10,4
105708,10,24.18,121
89171,12,19.52,51
64538,3,15.06,92
70955,12,19.32,62
53843,11,15.28,161
94277,12,9.82,269
51727,13,11.93,78
109503,4,17.22,132
101752,8,15.29,281
58466,10,24.5,264
60191,8,11.93,132
94714,11,18.88,324
46000,3,19.37,53
57109,11,18.48,330
114057,7,10,9
60030,12,20.46,121
86480,10,6.49,112
62422,11,19.42,114
63940,11,7.53,222
60950,6,15.93,290
80362,12,10.31,148
53567,9,12.26,113
96094,4,22.03,220
33189,12,13.8,41
60973,8,22.32,141
91747,8,20.19,288
58742,9,19.23,96
57753,11,18.62,96
36110,10,16.23,115
102327,12,8.62,123
59593,6,13.66,107
82570,11,20.43,128
61663,12,16.45,1
18239,12,18.5,68
96600,9,18.21,10
97520,9,9.02,122
9246,12,23.15,121
78085,11,17.65,70
76820,11,11.9,160
102534,10,8.7,42
65297,10,7.67,142
59340,9,18.62,196
107272,5,21.56,205
101775,8,22.34,89
72818,7,21.8,22
69736,8,6.66,254
80293,8,21.23,126
70058,11,20.99,76
24104,8,24.25,116
98969,9,18.61,136
103684,6,15.43,214
90666,9,19.6,107
104834,6,23.39,35
66056,9,22.1,6
103178,3,13.1,324
93978,7,16.39,180
53682,5,15.89,31
104696,10,24.18,89
39859,10,24.51,116
91839,9,24.39,201
60582,8,23.79,154
82662,9,16.56,359
99981,7,9.46,189
71024,7,17.18,172
53912,9,15.76,467
64469,9,19.58,77
103040,10,7.18,250
113183,8,9.26,294
52900,9,18.26,70
62284,9,19.93,79
57523,8,22.7,196
54464,10,23.61,49
97152,9,7.66,9
40871,7,19.61,16
50715,9,14.54,91
63986,10,9.32,23
26956,10,22.09,147
47955,6,18.4,141
94254,9,17.36,192
95197,4,19.5,286
9177,10,10,3
32959,5,9.13,47
73646,8,20.27,251
52187,10,14.9,34
51704,10,21.58,333
80454,3,16.44,334
27968,7,18.2,312
67666,6,16.55,140
91609,4,9.4,88
99337,9,13.9,74
53475,7,8.35,231
70817,10,22.31,209
52072,10,17.1,75
107732,8,22.66,279
43884,10,9.64,132
50623,8,16.91,301
64791,4,15.06,82
56327,9,20.25,441
61203,5,8.56,108
104903,9,17.78,199
90390,9,14.6,377
69897,9,21.35,160
69414,7,16.38,209
71254,5,22.55,259
94622,8,17.74,139
81305,6,11.02,55
29394,7,20.77,100
94783,8,15.82,220
85077,8,13.22,295
96117,6,24.22,162
45793,8,6.35,247
108652,5,5.27,113
109480,5,24.09,121
101016,9,24.87,40
55706,9,24.73,100
108376,5,13.31,54
87998,8,17.35,244
71553,9,9.35,196
76682,8,21.53,268
70173,8,21.85,3
78131,7,18.91,113
50048,7,18.59,21
105501,8,10,1
110975,5,20.69,80
57638,8,23.92,375
37697,5,21.45,99
65159,2,24.18,143
78223,8,18.07,85
98141,5,10,7
46437,7,19.45,32
111021,5,8.73,70
87814,6,21.21,243
54142,8,17.29,130
91724,8,21.53,27
102603,5,18.77,108
72381,7,21.83,232
54326,8,15.86,334
107847,5,16.07,129
106421,8,15.6,120
60283,7,16.65,24
71300,4,14.76,112
28267,6,18.44,0
36892,8,8.72,182
59271,7,20.08,56
50163,4,21.95,260
86388,6,18,168
54372,7,21.9,29
107088,7,18.83,141
78338,7,24.03,478
95289,6,20.25,4
63825,7,19.54,78
49680,8,15.93,315
84939,4,18.73,38
90344,7,12.02,29
60858,7,17.93,139
65504,7,20.65,24
68195,5,21.36,330
74060,6,20.67,151
60720,6,8.96,90
108238,6,8.54,39
86687,6,22.15,56
55821,5,16.99,61
71967,7,14.98,503
24426,3,23.19,441
97083,7,19.79,338
48185,2,19.63,195
59363,7,19.47,132
14398,5,19.14,144
45356,6,14.77,94
105317,6,21.01,422
31901,5,18.15,51
44068,4,17.99,452
85583,6,13.21,81
52739,2,21.31,79
61226,5,10,2
68264,6,21.74,197
51428,7,12.67,62
107157,7,20.19,9
91908,7,18.53,205
75348,6,17.38,90
108974,5,18.6,238
110676,1,23.17,144
82524,7,17.11,600
108767,4,18.98,148
100188,6,21.99,124
109273,6,24.27,237
69000,2,21.78,116
78844,5,17.08,141
45425,7,20.14,176
57546,5,18.95,292
108008,3,8.54,76
60812,6,16.77,307
39698,6,20.26,231
102488,3,14.42,284
56419,6,19.01,170
89424,5,18.8,365
110423,1,19.41,140
57937,5,21.24,212
94484,6,22.03,207
101361,2,21.37,174
50002,7,17.18,103
107893,6,21.52,240
65274,3,21.18,188
67367,7,19.48,3
111435,4,16.08,171
106950,7,13.67,212
95473,7,20.02,148
97750,7,19.62,114
90137,5,23.62,210
87262,4,22,53
107410,2,20.24,265
97911,6,17.31,20
49703,3,23.45,6
77004,6,17.47,175
85008,3,3.32,94
78522,3,24.78,128
80201,3,18.29,60
49243,5,6.61,237
106812,6,19.72,102
56971,6,18.74,135
86894,6,18.88,14
61548,4,10,114
72312,4,9.33,215
81144,5,21.36,119
101269,2,17.74,187
95151,6,19.35,274
108123,6,16.2,181
67827,2,14.39,92
105156,5,15.9,122
109411,6,21.08,291
112838,6,21.16,5
86227,3,14.75,196
91540,3,19.99,50
54280,6,12.09,24
58512,4,15.5,39
62882,6,18.96,23
40434,3,16.24,19
59731,4,24.88,121
70219,6,22.08,31
77073,6,24.77,355
103822,2,24.2,271
105179,5,17.81,81
58696,6,22.79,187
33718,6,16.73,10
45770,6,20.07,39
100970,5,13.47,62
76452,6,20.09,60
109664,6,23.47,104
66263,5,22.56,4
38870,6,17.35,368
50301,5,9.2,49
53291,5,21.54,39
96807,2,19.39,43
99475,5,24.85,231
113689,5,10,2
62169,6,21.08,32
25691,5,23.21,87
109319,3,17.63,341
64906,6,18.37,67
15295,3,19.35,6
64400,6,20.09,325
44137,4,22.26,112
57569,2,9.42,149
86549,6,22.84,277
110285,5,20.1,154
56925,2,22.51,339
67022,6,19.1,173
93012,5,20.08,17
40710,5,21.89,47
106283,6,2.41,123
114011,4,10,2
72220,6,24.92,158
94300,6,21.06,72
104857,5,23.56,178
108215,4,23.69,82
94691,6,16,3
103385,4,24.89,1
57960,4,6.38,31
65113,5,21.53,77
96623,6,15.62,381
103201,5,18.58,57
55223,5,19.47,222
56097,3,10.65,363
60329,4,18.31,213
67045,5,12.59,70
94852,5,16.76,111
91494,4,17.16,242
101246,4,24.64,89
109158,5,19.83,202
54579,4,24.74,48
51566,3,21.46,21
77556,3,17.35,139
91678,5,18.05,37
77418,4,9.12,260
89493,5,19.63,226
109227,5,17.84,235
56810,5,18.54,62
111527,2,2.77,236
100763,2,23.03,163
71599,3,23.56,278
4186,4,8.29,160
44804,4,21.24,71
56166,4,21.95,37
71047,5,13.25,182
71990,4,18.56,125
81236,5,24.92,36
1863,5,13.85,62
96968,5,19.41,44
102856,3,16.54,188
77602,5,18.42,115
78568,1,23.63,235
38249,5,9,1
57362,5,21.57,213
60789,4,21.72,60
69598,5,20.15,267
39606,5,11.29,386
107341,4,9.26,336
75141,4,17.74,118
90275,4,14.93,135
46621,4,18.06,35
105570,1,22.79,98
63595,3,17.28,95
113459,5,10,1
62928,5,23.57,28
103891,3,22.9,332
63802,4,15.82,131
9223,3,15.13,68
52049,3,19.07,0
110722,1,12.97,164
58765,4,17.46,164
98509,5,21,270
98831,3,8.61,188
46345,5,20.89,85
12420,2,18.81,127
65711,5,22.86,120
69828,5,11.13,273
84479,4,13.81,37
100395,3,9.14,117
57086,5,19.71,97
82616,5,20.02,137
33994,2,21.13,17
108054,3,13.54,287
55729,4,18.39,63
73715,5,19.78,298
99705,4,13.81,214
99222,4,20.58,91
104880,4,19.74,382
113367,4,17.69,209
69851,4,14.74,63
4807,4,23.45,91
33051,4,23.35,292
101591,2,21.06,93
104305,3,22.36,267
99061,3,14.31,9
58305,4,18.4,148
84341,4,20.45,12
89654,4,22.52,101
60398,3,8.3,76
92138,2,19.39,13
100602,4,20.13,80
58167,4,8.83,49
62399,2,15.22,312
34523,4,22.66,381
47058,4,23.95,181
54257,4,19.98,24
80569,2,20.09,36
47909,1,17.2,2
64308,1,23.35,26
67252,3,16.18,219
68402,1,23.26,69
87147,3,21.34,247
105662,3,17.5,27
68816,2,18.35,87
78545,3,22.29,130
84387,4,20.33,122
56994,1,23.66,231
94070,3,21.34,221
101798,3,22.4,29
108744,4,23.07,96
65366,4,18.31,14
101292,2,23.37,186
50692,4,14.66,44
114655,2,14.06,4
54625,1,15.65,54
108606,3,19.08,53
57155,3,19.57,160
28129,2,19.94,524
31970,4,15.38,295
81834,4,23.63,186
96784,4,19.7,154
51980,4,23.97,212
64170,4,15.35,40
93242,3,17.64,58
50117,4,23.17,96
67597,3,21.32,116
74474,4,24.85,339
92552,3,16.84,141
84640,3,23.23,141
37812,2,15.77,131
73439,1,16.45,127
101177,2,23.73,123
110400,1,20.51,233
62675,3,16.19,137
30084,3,18.77,90
35420,4,23.11,259
53613,3,20.39,311
72036,3,20.01,16
77993,4,21.85,411
102626,2,24.24,26
69644,3,18.7,153
30406,1,18.15,159
70265,4,17.08,6
75417,3,17.5,112
76337,1,22.6,307
71714,4,20.92,196
56281,3,19.42,109
76958,4,18.34,193
95059,4,16.08,128
69667,4,16.69,78
71530,4,9.59,119
113505,3,10,2
51290,4,11.89,129
57247,4,17.18,233
99176,2,13.71,68
109066,1,22.9,109
113344,4,10,2
114517,3,20.49,165
71760,4,22.7,110
35627,4,19.53,275
102350,4,18.47,7
62215,3,18.27,221
46713,3,14.86,483
53176,4,19.06,221
61686,4,20.6,273
101384,2,14.02,292
64952,3,24.91,146
77901,3,8.86,119
84732,1,13.23,102
33419,3,24.13,119
97060,3,24.31,274
107916,3,18.15,147
108698,3,18.32,161
64446,2,24.72,125
75463,3,17.27,24
84134,2,19.6,159
102396,2,15.95,2
105271,3,17.32,165
52854,3,5.24,99
67206,3,18.3,452
73324,3,18.82,239
43930,3,21.09,64
100740,3,22.64,414
96669,3,13.23,195
115782,2,20.42,334
88113,3,18.27,95
90160,3,21.94,223
84157,2,19.66,188
86733,3,20.03,217
89999,3,18.65,17
99590,3,19.7,112
108583,2,20.06,46
69391,3,13.26,62
99084,3,16.31,272
53222,3,24.02,248
114287,2,13.44,3
42481,3,18.12,385
102235,2,20.82,227
60421,2,17.74,13
62100,3,16.29,334
74106,3,18.35,13
97106,3,23.24,80
69575,3,21.42,263
71392,2,19.19,147
74451,3,21.75,217
77441,3,13.9,177
78407,2,20.79,183
104006,3,17.21,367
70886,3,18.52,136
92920,3,18.25,301
94760,3,19.66,172
97957,3,17.53,245
104351,3,21.93,60
78269,3,9.27,31
59202,3,23.54,181
67919,3,20.86,256
104213,3,24.12,38
109434,3,9.43,5
65021,1,22.27,197
90229,3,21.54,318
99843,2,9.91,266
105547,3,19.78,122
89539,2,14.52,250
64883,2,17.56,93
69920,3,17.62,101
77832,3,18.54,46
86802,3,17.6,173
53820,2,17.57,78
72174,3,20.55,20
75371,3,19.79,500
83720,2,16.8,55
17158,1,15.46,131
55890,1,19.93,0
81857,2,16.38,53
94645,3,15.92,41
49358,1,9.42,238
56258,3,20.17,275
60467,3,12.75,52
84870,3,18.78,3
111090,3,17.67,241
114149,3,21.94,49
61617,2,17.55,145
84663,3,20.69,5
91954,2,9.9,69
26979,2,22.7,333
42918,1,12.55,321
101200,2,9.95,30
113298,3,10,1
65642,3,24.18,40
87607,3,20.1,183
35604,2,21.99,214
99498,3,24.36,267
60513,2,22.32,20
69253,3,16.12,91
87078,3,9.75,335
46690,3,18.4,173
102649,3,18.71,108
111113,3,22.18,265
64055,3,19.33,25
108675,3,20.69,308
71323,2,23.54,228
17250,3,18.06,165
93472,3,17.51,155
57592,3,22.9,40
61847,1,15.51,77
59984,3,15.97,85
69690,3,10.95,198
75624,3,8.13,21
78499,1,21.22,167
89631,3,17.25,130
18331,3,21.62,260
32729,1,24.81,6
108399,2,16.95,378
113551,2,10,1
98900,2,7.64,170
55568,2,23.05,109
112792,2,10,1
76383,2,18.25,236
78361,2,17.35,111
81121,2,18.69,20
805,2,20.35,60
44367,2,23.86,358
51750,2,15.08,524
52555,2,20.65,31
53360,2,22.37,38
55959,2,17.16,348
111458,2,23.13,2
63871,2,17.93,86
66792,2,12.22,183
52095,1,20.22,53
108560,2,8.36,219
112470,2,22.27,103
72105,2,23.2,4
89309,2,19.44,71
94185,2,20.2,143
95105,2,20.89,0
113045,2,21.01,100
73738,2,14.76,282
13432,1,14.74,103
23460,2,12.27,133
99383,2,19.95,59
107617,2,19.23,300
67068,2,20.51,146
73048,2,14.03,41
76061,2,15.46,48
82455,2,21.17,182
85905,2,16.9,131
96025,2,18.94,183
38042,1,12.77,115
100924,2,9.13,60
107939,2,20.41,336
108721,2,22.04,157
55982,2,20.09,391
60214,2,20.76,39
70863,2,24.46,65
76705,1,14.08,189
92897,2,6.7,49
110791,2,24.71,196
58834,2,20.13,211
75325,2,17.47,256
79856,2,19.77,310
25001,2,9.13,161
106536,1,14.16,130
108928,2,21.84,71
110354,2,22.15,544
61732,2,19.88,330
96761,2,24.43,230
106835,1,19.76,271
54441,2,18.91,114
107640,2,24.82,81
110653,2,17.37,243
55637,1,15.42,31
59892,2,17.83,331
64492,2,16.33,370
70449,1,16.18,365
96462,2,23.39,38
37076,2,16.14,15
108284,2,19.48,1
111550,2,15.03,205
86756,2,9.92,86
49933,2,10,191
103500,1,20.01,42
55453,1,20.18,134
112654,2,19.9,323
94231,1,6.6,7
46828,2,20.06,71
106559,2,16.68,67
110377,1,15.47,21
111320,2,23.14,75
65596,2,22.3,242
66585,1,12.11,252
68839,1,15.1,444
90781,1,16.17,176
93748,2,17.37,145
105984,1,16.12,11
107663,2,24.82,73
62146,2,19.01,303
89079,2,20.43,9
94967,2,22.78,164
111067,2,16.63,134
34615,2,16.16,287
51842,2,19.36,73
56879,2,7.92,443
111573,1,22.51,215
61111,2,15.5,240
92943,2,20.24,209
35880,2,11.6,283
98785,2,8.86,90
102465,2,13.94,90
105386,2,21.97,47
110883,2,17.33,39
68471,1,17.66,59
77165,2,20.87,132
86112,1,17.29,196
103868,2,23.88,257
106582,2,18.45,184
54165,2,16.54,28
59248,2,19.99,187
63779,2,16.73,143
65619,2,5.6,32
71691,2,20.5,223
19481,1,18.33,543
102304,1,23.36,413
110699,2,16.59,125
65044,2,21.67,64
67137,2,24.66,56
82547,2,20.89,237
94116,2,12.5,53
30912,2,17.5,32
52325,2,20.9,54
108790,2,8.6,234
67620,2,24.49,12
104052,2,15.26,48
105018,2,23.31,7
54349,2,18.06,62
110561,2,19.95,93
74911,2,20.19,107
94806,2,10.63,169
97014,2,17.59,139
73462,2,23.2,158
107364,2,21.56,162
60996,2,22.37,271
68885,1,23.04,258
70771,2,14.68,114
92782,2,9.62,4
104259,2,22.8,466
107709,2,18.63,159
72059,2,19.74,85
73255,2,18.63,180
75210,2,15.4,123
99015,2,20,240
108031,2,22.71,304
57431,2,18.32,298
112953,2,6.99,153
59064,1,18.65,407
92598,2,22.22,71
93656,2,7.91,245
47219,2,24.13,107
104075,1,22.25,273
107571,1,21.81,153
60306,2,21.62,355
71898,2,21.38,135
54717,1,21.63,278
110147,1,21.93,147
81098,2,21.28,49
89447,2,16.31,14
100878,2,23.93,144
101223,2,20.51,92
106628,2,16.7,32
54211,2,15.89,282
107387,2,18.57,81
110446,2,14.46,234
60168,2,21.25,124
73876,2,15.22,245
87745,2,8.47,63
104282,2,13.27,76
72082,2,17.25,178
89240,2,18.88,205
96186,2,16.2,297
54050,2,9.55,39
108836,2,20,312
59087,2,23.21,71
76521,2,23.11,390
87423,2,21.96,162
102189,1,17.58,174
49220,1,20.31,45
106789,1,20.19,326
107594,1,17.95,33
109365,1,7.15,156
110607,1,21.53,81
111803,1,15.29,330
115207,1,19.85,80
63089,1,7.77,222
71001,1,9.19,149
73025,1,20.63,288
24380,1,14.9,112
94024,1,23.85,299
30452,1,15.95,74
110170,1,24.64,264
110952,1,18.65,119
58949,1,20.87,46
72266,1,16.92,167
74405,1,8.04,67
77303,1,24.68,243
89470,1,21.3,183
22103,1,18.45,104
94323,1,20.57,131
96393,1,19.34,352
48760,1,15.36,172
103937,1,17.45,155
110469,1,24.98,293
114540,1,21.4,394
68931,1,18.46,49
70840,1,9.69,75
71783,1,15.22,194
73899,1,17.13,35
75808,1,18.61,80
84502,1,22.81,326
87768,1,23.52,14
35742,1,16.01,121
45264,1,20.06,264
106973,1,22.42,4
62238,1,16.48,70
79304,1,9.33,53
93334,1,18.66,375
97290,1,19.53,30
102695,1,18.38,244
103753,1,8.88,91
108859,1,20.92,278
110331,1,18.2,83
61709,1,24.63,129
69713,1,21.2,163
70633,1,15.52,23
92644,1,13.2,4
98555,1,19.86,160
51934,1,19.32,93
108422,1,18.5,67
110630,1,17.12,266
63112,1,23.18,30
64101,1,10.44,43
74083,1,21.91,104
76843,1,18.68,63
20608,1,24.7,122
51359,1,17.54,236
104535,1,12.83,104
107134,1,17.34,128
110193,1,18.08,101
112815,1,14.49,5
66355,1,6.67,3
70403,1,23.13,119
75486,1,16.24,99
85192,1,24.69,334
94346,1,21.27,283
96416,1,8.84,96
39054,1,23.76,97
41975,1,21.69,381
44390,1,17.7,402
53383,1,24.25,212
110492,1,19.26,222
114609,1,9.37,39
66861,1,22.12,145
69874,1,20.46,66
71806,1,17.42,226
87791,1,22.72,254
102419,1,20.08,183
51152,1,22.97,391
104328,1,12.83,106
106122,1,17.55,110
113804,1,17.05,160
73347,1,12.22,156
74290,1,18.53,586
89355,1,18.31,213
93357,1,17.65,6
46759,1,17.07,39
73761,1,22.84,190
49266,1,21.64,122
50899,1,22.22,171
108445,1,22.16,140
119163,1,17.8,137
63135,1,9.09,203
69161,1,7.02,392
73071,1,16.42,316
82478,1,21.45,44
90206,1,12.12,240
24518,1,15,100
27301,1,8.73,149
94921,1,23.49,110
99797,1,15.55,96
43332,1,7.85,121
100625,1,14.92,46
53061,1,6.54,412
107962,1,14.9,326
110216,1,12.54,373
72358,1,15.41,106
85215,1,17.3,339
89516,1,18.73,348
97612,1,14.73,24
44413,1,18.39,88
102097,1,20.97,102
103109,1,20.75,71
56005,1,12.58,285
109250,1,11.86,214
110515,1,17.39,67
57684,1,20.37,68
66930,1,9.55,396
68977,1,17.99,61
71829,1,23.97,23
76728,1,21.16,304
78821,1,22.72,168
82317,1,18.55,190
20217,1,22.25,29
99613,1,19.69,8
102442,1,8.07,530
107019,1,23.31,43
110837,1,17.12,4
113850,1,21.78,12
72151,1,9.97,152
74313,1,24.81,275
82938,1,19.27,58
89378,1,8.08,205
91333,1,16.22,210
97382,1,15.96,60
36685,1,24.75,355
53245,1,20.48,117
58374,1,24.84,205
113252,1,19.18,130
74658,1,20.47,202
75716,1,21.27,182
89792,1,24.08,107
32821,1,21.95,194
37444,1,23.93,198
45034,1,20.95,36
103316,1,16.76,137
52762,1,24.26,248
106881,1,13.37,85
108468,1,20.21,12
113666,1,9,1
68287,1,20.17,93
72013,1,15.02,204
74129,1,17.73,52
79120,1,23.08,15
84847,1,21.45,85
6187,1,12.37,117
11316,1,7.33,38
92207,1,9.35,226
94093,1,22.12,243
53084,1,21.88,44
110239,1,17.85,246
112861,1,16.44,330
114126,1,21.98,386
85238,1,20.86,47
1909,1,23.94,82
17894,1,21.46,240
98463,1,15.38,105
99291,1,24.5,121
101315,1,19.44,89
104949,1,14.45,431
53429,1,15.74,68
107525,1,11.47,217
110538,1,14.96,7
114678,1,19.78,385
62905,1,21.88,195
66953,1,19.86,19
68126,1,24.39,104
71852,1,15.6,33
72933,1,23.67,105
24127,1,17.34,20
95887,1,18.97,120
101683,1,5.93,96
107042,1,22.83,23
55499,1,17.88,369
108629,1,20.12,206
112700,1,18.32,134
67321,1,21.17,130
74336,1,9.74,74
89401,1,9.89,17
97474,1,24.17,106
104811,1,9.79,203
52463,1,13.15,92
113275,1,24.18,47
114356,1,10,1
67942,1,20.39,134
69782,1,21.7,166
72657,1,20.23,34
78591,1,5.96,177
45149,1,20,205
104236,1,19.45,386
106904,1,18.52,175
107686,1,15.98,245
108491,1,22.59,93
79143,1,15.99,255
87055,1,14.84,93
6233,1,18.12,17
92230,1,16.27,48
93265,1,18.37,6
24587,1,20.61,329
97175,1,20.34,377
99866,1,7.51,138
100671,1,16.88,65
104650,1,21.71,234
55683,1,13.14,92
110262,1,14.15,219
58236,1,16.82,141
112930,1,23.78,80
65412,1,24.34,100
76475,1,23.04,132
85261,1,4.77,158
2392,1,21.81,20
91586,1,21.08,247
37168,1,19.7,27
99314,1,14.82,20
101338,1,18.05,87
47196,1,21.34,215
106743,1,15.92,265
107548,1,15.72,233
55177,1,7.04,149
111596,1,22.45,75
115046,1,7.39,38
69023,1,21.42,418
71875,1,24.95,344
72979,1,17.47,161
92966,1,6.69,217
101706,1,16.33,241
105432,1,23.75,184
107065,1,19.77,76
54671,1,16.27,5
107870,1,22.48,278
55522,1,16.85,5
109687,1,8.67,134
61456,1,18.94,416
67344,1,21.62,59
74359,1,19.68,105
77211,1,9,57
84019,1,19.82,245
85100,1,9.13,75
91448,1,15.41,379
102948,1,7.84,305
52486,1,18.29,39
55039,1,20.9,7
55913,1,21.16,72
58420,1,20.27,151
61824,1,19.38,226
66700,1,23.26,230
75762,1,20.24,452
84456,1,17.67,204
91793,1,20.6,425
33005,1,16.04,183
98647,1,16.8,4
42550,1,20.07,5
106927,1,18.58,62
55338,1,5.72,97
108514,1,20.31,63
112309,1,9,1
78062,1,21.77,309
79189,1,19.87,101
84893,1,23.39,153
89194,1,24.84,513
90321,1,24.25,107
92253,1,16.59,210
94139,1,18.42,26
43631,1,9.71,28
100694,1,9.98,49
45885,1,24,227
104673,1,16.13,13
107226,1,11.91,111
108813,1,15.54,332
56603,1,19.12,54
73692,1,24.78,124
74520,1,18.53,103
76498,1,20.58,188
81374,1,21.35,160
85353,1,19.91,73
2530,1,21.67,44
89608,1,23.63,49
109342,1,23.89,138
110584,1,10.69,10
111619,1,19.99,293
59455,1,14.32,185
115069,1,15.24,308
73002,1,21.66,140
84709,1,23.82,209
104489,1,14.62,125
110929,1,13.91,71
64423,1,19.22,48
69506,1,20.93,80
70311,1,14.87,216
74382,1,11.22,3
92460,1,18.56,120
34431,1,14.9,35
100096,1,16.03,181
44206,1,23.01,50
66723,1,16.23,337
89953,1,14.03,234
108537,1,19.31,7
112424,1,19.33,178
79235,1,23.39,257
80868,1,14.15,148
87101,1,22.81,16
92276,1,24.33,234
94162,1,21.2,230
99038,1,19.16,48
100717,1,9.21,35
45931,1,24.22,23
110308,1,19.88,285
111136,1,9.74,109
113022,1,23.39,356
114218,1,8.97,47
74543,1,17.77,94
77533,1,19,172
81489,1,14.06,25
85445,1,22.75,278
13202,1,24.46,163
92621,1,20.83,135
115184,90,24.89,175
116219,72,10,2
118036,98,21.64,445
117852,66,24.93,411
121049,55,23.77,361
117806,66,24.64,164
120267,66,21.58,96
121026,53,21.95,144
118312,81,24.43,312
8694,78,4,5
115644,93,18.26,11
114862,72,4.81,286
13110,72,11.56,5
116955,77,24.83,235
114977,78,20.75,9
118082,95,24.83,241
118427,91,24.22,230
20884,68,24.13,229
117668,71,23.72,232
118611,67,23.85,207
117714,74,18.76,213
118013,77,22.02,13
121302,46,10,1
117139,51,15.23,205
117760,77,24.84,189
120336,69,23.74,196
118910,79,24.79,190
117024,56,23.45,146
122107,36,24.27,164
72611,84,10,3
118059,48,18.36,158
116656,48,24.61,77
116587,60,21.02,190
118772,64,23.83,76
118220,99,10,137
118151,45,15.51,98
116541,88,10,137
121325,46,24.81,52
118680,56,22.52,126
118266,72,15.3,124
120543,60,22.58,117
121279,48,10,131
115092,64,24.39,130
116242,65,10,121
116932,51,24.24,105
118956,18,10,6
117231,40,19.73,104
122889,26,18.51,223
118105,34,24.3,99
117530,52,23.52,100
123694,15,16.53,142
115115,45,10.1,84
118703,36,21.3,35
119922,33,20.34,89
85744,42,21.99,87
117622,40,24.54,87
120750,32,21.04,75
117093,25,10.24,20
117208,42,12.77,54
117967,35,10,69
117001,23,17.62,71
119853,27,16.41,135
121509,19,10,3
117990,54,23.8,33
10258,34,24.51,61
118634,35,22.48,58
117461,16,19.79,58
118841,39,18.78,54
118979,23,4.66,19
118864,18,21.41,51
121371,12,24.49,39
116196,29,22.52,51
118565,34,23.43,25
123142,18,21.54,53
115897,14,21.19,53
119945,25,15.46,44
121210,27,17.86,31
118243,30,4,27
118542,24,10,41
122245,13,21.87,34
120290,31,19.7,89
117047,20,19.77,154
117737,16,21.86,37
123418,13,20.64,35
115874,25,11.11,3
123004,12,24.38,32
121555,13,10,1
116265,26,10,30
122268,14,19.79,255
118404,20,13.02,23
122153,13,10,19
117185,18,6.45,114
122728,14,10,12
95519,12,22.09,20
118657,13,24.01,20
114931,12,24.84,32
123257,11,10,18
116978,11,10,15
117875,7,23.84,17
120014,15,24.42,17
117162,6,21.5,11
117254,13,10,11
117553,5,10,11
118588,8,16,10
57983,4,23.59,7
123671,5,10,7
120773,7,10,3
116863,4,10,7
117576,3,1,2
115920,6,10,4
1035,4,10,2
123188,3,10,2
119186,2,13.44,3
118358,4,22.56,4
118289,4,20.47,288
121233,3,21.78,3
5566,3,10,1
118381,2,17.4,177
117070,1,10,3
115828,2,19.25,328
115575,1,10,1
24656,2,10,1
42619,1,15.18,278
116909,2,16,2
115713,1,16,1
48047,1,10,1
118174,1,13.84,20
117346,1,23.76,70
117944,1,17.95,373
59616,1,24.79,188
118887,0,18.32,198
40066,0,23.78,100
75992,0,15.17,76
118335,0,14.71,83
7406,0,21.34,251
49105,0,24.29,448
32614,0,16.49,173
121463,0,8.08,637
113896,0,17.73,352
117369,0,7.26,39
122820,0,18.93,126
94001,0,19.32,401
116357,0,24.31,149
10189,0,17.91,99
14582,0,23.29,7
115851,0,19.45,267